{
    "position_accuracy": 0.009523809523809523,
    "relation_accuracy": 0.0,
    "top5_accuracy": 0.0738095238095238,
    "psnr": 0.0,
    "ssim": 0.0
}